Page,CER,WER
1,11298.71794871795,10415.384615384615
